Jahr,Monat,Deutschland
1881,1,28.7
1882,1,25.8
1883,1,42.2
1884,1,68.4
1885,1,24.2
1886,1,54.8
1887,1,5.8
1888,1,39.6
1889,1,18.2
1890,1,83.5
1891,1,50.1
1892,1,66.4
1893,1,44.8
1894,1,29.0
1895,1,65.3
1896,1,38.9
1897,1,35.3
1898,1,35.7
1899,1,83.6
1900,1,97.6
1901,1,45.1
1902,1,61.3
1903,1,45.8
1904,1,38.4
1905,1,52.7
1906,1,72.9
1907,1,60.5
1908,1,38.8
1909,1,36.5
1910,1,69.8
1911,1,27.9
1912,1,57.7
1913,1,53.9
1914,1,44.3
1915,1,94.0
1916,1,86.1
1917,1,61.8
1918,1,73.0
1919,1,32.6
1920,1,90.6
1921,1,98.0
1922,1,72.4
1923,1,59.6
1924,1,27.2
1925,1,55.6
1926,1,67.0
1927,1,54.9
1928,1,58.9
1929,1,32.7
1930,1,34.7
1931,1,89.9
1932,1,59.4
1933,1,30.4
1934,1,47.8
1935,1,58.3
1936,1,71.3
1937,1,61.5
1938,1,104.4
1939,1,75.4
1940,1,28.3
1941,1,65.8
1942,1,41.7
1943,1,48.4
1944,1,83.2
1945,1,44.6
1946,1,41.9
1947,1,35.3
1948,1,106.9
1949,1,38.3
1950,1,48.5
1951,1,77.2
1952,1,74.6
1953,1,34.4
1954,1,66.2
1955,1,62.2
1956,1,68.3
1957,1,43.1
1958,1,73.8
1959,1,66.5
1960,1,65.3
1961,1,61.8
1962,1,70.5
1963,1,25.5
1964,1,22.3
1965,1,89.2
1966,1,50.0
1967,1,60.9
1968,1,89.2
1969,1,50.1
1970,1,44.4
1971,1,33.3
1972,1,17.7
1973,1,32.2
1974,1,56.9
1975,1,62.5
1976,1,117.5
1977,1,59.6
1978,1,46.6
1979,1,48.5
1980,1,50.0
1981,1,88.5
1982,1,80.1
1983,1,95.6
1984,1,98.1
1985,1,60.0
1986,1,107.5
1987,1,65.7
1988,1,76.1
1989,1,23.4
1990,1,40.2
1991,1,46.9
1992,1,36.0
1993,1,87.3
1994,1,93.3
1995,1,119.0
1996,1,7.0
1997,1,11.2
1998,1,64.4
1999,1,66.1
2000,1,54.8
2001,1,61.1
2002,1,47.4
2003,1,82.8
2004,1,109.4
2005,1,71.0
2006,1,26.7
2007,1,98.2
2008,1,74.0
2009,1,33.2
2010,1,46.8
2011,1,63.8
2012,1,105.1
2013,1,64.4
2014,1,44.9
2015,1,85.4
2016,1,77.3
2017,1,45.2
2018,1,101.7
2019,1,81.8
2020,1,40.5
2021,1,80.2
2022,1,58.2
2023,1,69.4
2024,1,75.2
1881,2,43.7
1882,2,31.0
1883,2,26.1
1884,2,32.2
1885,2,47.5
1886,2,20.0
1887,2,12.3
1888,2,49.0
1889,2,77.0
1890,2,5.9
1891,2,12.2
1892,2,51.4
1893,2,88.1
1894,2,61.6
1895,2,24.4
1896,2,13.9
1897,2,62.8
1898,2,79.7
1899,2,27.5
1900,2,56.6
1901,2,35.1
1902,2,29.5
1903,2,38.1
1904,2,75.3
1905,2,41.0
1906,2,45.8
1907,2,42.9
1908,2,67.8
1909,2,63.0
1910,2,62.6
1911,2,58.6
1912,2,47.6
1913,2,30.4
1914,2,26.7
1915,2,32.7
1916,2,68.0
1917,2,12.8
1918,2,42.9
1919,2,37.1
1920,2,35.4
1921,2,22.1
1922,2,50.6
1923,2,59.1
1924,2,36.7
1925,2,47.2
1926,2,62.6
1927,2,36.2
1928,2,67.9
1929,2,21.6
1930,2,16.4
1931,2,44.0
1932,2,14.7
1933,2,49.4
1934,2,27.8
1935,2,91.4
1936,2,65.2
1937,2,104.7
1938,2,36.8
1939,2,31.8
1940,2,38.3
1941,2,47.7
1942,2,29.3
1943,2,39.3
1944,2,59.7
1945,2,74.9
1946,2,127.3
1947,2,31.1
1948,2,76.7
1949,2,31.1
1950,2,88.6
1951,2,45.7
1952,2,47.6
1953,2,51.2
1954,2,23.5
1955,2,58.9
1956,2,25.0
1957,2,88.6
1958,2,107.5
1959,2,8.9
1960,2,38.9
1961,2,60.7
1962,2,68.2
1963,2,19.5
1964,2,37.1
1965,2,43.3
1966,2,70.2
1967,2,49.8
1968,2,40.9
1969,2,52.2
1970,2,122.3
1971,2,35.4
1972,2,11.2
1973,2,52.7
1974,2,49.8
1975,2,17.5
1976,2,21.3
1977,2,81.8
1978,2,37.9
1979,2,49.0
1980,2,54.0
1981,2,37.9
1982,2,13.9
1983,2,46.6
1984,2,66.5
1985,2,27.4
1986,2,17.3
1987,2,59.0
1988,2,88.0
1989,2,49.9
1990,2,100.1
1991,2,25.7
1992,2,43.5
1993,2,32.0
1994,2,31.9
1995,2,74.6
1996,2,48.6
1997,2,85.2
1998,2,20.5
1999,2,84.0
2000,2,95.2
2001,2,58.6
2002,2,114.9
2003,2,21.0
2004,2,51.3
2005,2,67.7
2006,2,54.4
2007,2,75.8
2008,2,45.3
2009,2,62.1
2010,2,48.5
2011,2,30.5
2012,2,25.0
2013,2,51.1
2014,2,32.1
2015,2,22.3
2016,2,77.8
2017,2,44.6
2018,2,17.8
2019,2,29.9
2020,2,124.1
2021,2,48.9
2022,2,83.7
2023,2,43.1
2024,2,81.1
1881,3,86.6
1882,3,45.6
1883,3,32.8
1884,3,29.1
1885,3,51.2
1886,3,49.9
1887,3,56.9
1888,3,102.9
1889,3,50.6
1890,3,34.6
1891,3,64.4
1892,3,33.6
1893,3,36.9
1894,3,43.3
1895,3,58.2
1896,3,90.8
1897,3,72.5
1898,3,68.4
1899,3,25.0
1900,3,39.7
1901,3,55.8
1902,3,72.5
1903,3,36.4
1904,3,38.1
1905,3,73.6
1906,3,78.5
1907,3,56.1
1908,3,37.0
1909,3,37.9
1910,3,23.9
1911,3,42.7
1912,3,62.4
1913,3,52.7
1914,3,114.2
1915,3,87.0
1916,3,43.4
1917,3,49.5
1918,3,23.0
1919,3,64.5
1920,3,26.9
1921,3,15.6
1922,3,58.2
1923,3,33.4
1924,3,32.7
1925,3,54.2
1926,3,56.8
1927,3,52.2
1928,3,24.2
1929,3,9.7
1930,3,37.4
1931,3,33.2
1932,3,28.1
1933,3,33.4
1934,3,41.4
1935,3,32.1
1936,3,23.9
1937,3,69.0
1938,3,28.5
1939,3,79.8
1940,3,86.7
1941,3,61.2
1942,3,34.3
1943,3,20.1
1944,3,58.9
1945,3,38.5
1946,3,30.6
1947,3,79.4
1948,3,29.8
1949,3,49.2
1950,3,19.6
1951,3,66.7
1952,3,76.7
1953,3,13.2
1954,3,29.7
1955,3,36.3
1956,3,54.5
1957,3,63.1
1958,3,33.9
1959,3,31.1
1960,3,32.9
1961,3,49.3
1962,3,53.4
1963,3,49.8
1964,3,43.7
1965,3,61.5
1966,3,71.2
1967,3,76.7
1968,3,51.9
1969,3,44.6
1970,3,66.3
1971,3,29.3
1972,3,43.1
1973,3,25.6
1974,3,35.8
1975,3,56.3
1976,3,23.7
1977,3,48.6
1978,3,80.9
1979,3,94.8
1980,3,45.6
1981,3,99.4
1982,3,53.0
1983,3,60.0
1984,3,22.7
1985,3,49.2
1986,3,72.3
1987,3,67.1
1988,3,134.8
1989,3,51.7
1990,3,34.1
1991,3,33.7
1992,3,97.8
1993,3,19.7
1994,3,100.1
1995,3,83.5
1996,3,23.3
1997,3,48.4
1998,3,69.6
1999,3,63.0
2000,3,105.5
2001,3,109.2
2002,3,62.9
2003,3,27.4
2004,3,37.6
2005,3,44.0
2006,3,84.1
2007,3,63.3
2008,3,86.9
2009,3,77.7
2010,3,52.2
2011,3,20.4
2012,3,14.9
2013,3,33.4
2014,3,18.6
2015,3,55.5
2016,3,45.5
2017,3,57.0
2018,3,50.9
2019,3,74.7
2020,3,50.9
2021,3,46.0
2022,3,15.0
2023,3,90.4
2024,3,45.8
1881,4,30.1
1882,4,44.6
1883,4,20.6
1884,4,35.0
1885,4,34.9
1886,4,44.4
1887,4,30.3
1888,4,57.7
1889,4,45.1
1890,4,51.9
1891,4,54.4
1892,4,32.5
1893,4,3.7
1894,4,44.8
1895,4,46.1
1896,4,68.8
1897,4,59.6
1898,4,60.5
1899,4,85.9
1900,4,47.8
1901,4,72.4
1902,4,33.9
1903,4,76.3
1904,4,51.6
1905,4,58.5
1906,4,33.6
1907,4,37.0
1908,4,70.2
1909,4,55.9
1910,4,50.6
1911,4,33.9
1912,4,36.0
1913,4,41.4
1914,4,38.2
1915,4,49.1
1916,4,58.4
1917,4,57.2
1918,4,57.8
1919,4,64.5
1920,4,75.2
1921,4,31.3
1922,4,83.0
1923,4,46.6
1924,4,79.0
1925,4,59.8
1926,4,33.7
1927,4,101.1
1928,4,64.8
1929,4,47.8
1930,4,73.7
1931,4,68.1
1932,4,64.2
1933,4,33.2
1934,4,35.5
1935,4,105.4
1936,4,90.1
1937,4,83.5
1938,4,34.9
1939,4,59.2
1940,4,53.5
1941,4,47.8
1942,4,37.3
1943,4,64.1
1944,4,42.0
1945,4,55.9
1946,4,21.6
1947,4,51.8
1948,4,40.6
1949,4,59.5
1950,4,83.8
1951,4,40.4
1952,4,33.5
1953,4,42.3
1954,4,55.7
1955,4,43.9
1956,4,62.4
1957,4,25.5
1958,4,52.0
1959,4,50.9
1960,4,41.9
1961,4,74.5
1962,4,55.7
1963,4,44.1
1964,4,50.1
1965,4,99.4
1966,4,75.4
1967,4,47.2
1968,4,42.4
1969,4,79.9
1970,4,97.3
1971,4,35.9
1972,4,65.1
1973,4,71.6
1974,4,21.3
1975,4,57.6
1976,4,23.6
1977,4,79.3
1978,4,25.8
1979,4,67.6
1980,4,84.2
1981,4,38.5
1982,4,39.2
1983,4,102.9
1984,4,40.7
1985,4,65.2
1986,4,64.3
1987,4,41.1
1988,4,25.2
1989,4,80.3
1990,4,52.0
1991,4,36.2
1992,4,53.4
1993,4,40.5
1994,4,83.5
1995,4,57.8
1996,4,23.1
1997,4,45.4
1998,4,74.7
1999,4,58.4
2000,4,35.4
2001,4,73.6
2002,4,54.0
2003,4,36.6
2004,4,40.1
2005,4,57.0
2006,4,66.2
2007,4,4.0
2008,4,80.2
2009,4,30.3
2010,4,20.8
2011,4,25.0
2012,4,42.7
2013,4,39.9
2014,4,42.4
2015,4,41.4
2016,4,53.3
2017,4,41.4
2018,4,37.7
2019,4,29.4
2020,4,16.3
2021,4,34.7
2022,4,56.5
2023,4,63.6
2024,4,64.4
1881,5,47.3
1882,5,59.1
1883,5,51.5
1884,5,57.4
1885,5,82.4
1886,5,60.0
1887,5,105.5
1888,5,26.5
1889,5,82.1
1890,5,70.3
1891,5,58.3
1892,5,47.8
1893,5,44.7
1894,5,55.9
1895,5,76.8
1896,5,40.0
1897,5,83.3
1898,5,103.9
1899,5,93.0
1900,5,53.8
1901,5,38.6
1902,5,91.2
1903,5,53.2
1904,5,68.5
1905,5,40.8
1906,5,89.5
1907,5,58.8
1908,5,96.4
1909,5,37.1
1910,5,61.7
1911,5,51.1
1912,5,75.1
1913,5,63.3
1914,5,96.7
1915,5,39.6
1916,5,62.5
1917,5,39.9
1918,5,35.6
1919,5,24.9
1920,5,74.8
1921,5,62.9
1922,5,44.5
1923,5,86.8
1924,5,90.5
1925,5,44.5
1926,5,81.3
1927,5,52.6
1928,5,63.3
1929,5,46.2
1930,5,90.5
1931,5,65.3
1932,5,99.0
1933,5,86.0
1934,5,32.5
1935,5,58.1
1936,5,52.7
1937,5,54.2
1938,5,71.4
1939,5,71.1
1940,5,59.5
1941,5,77.2
1942,5,67.9
1943,5,45.7
1944,5,45.7
1945,5,72.9
1946,5,74.7
1947,5,41.4
1948,5,59.1
1949,5,94.5
1950,5,73.8
1951,5,69.8
1952,5,53.0
1953,5,63.2
1954,5,51.6
1955,5,75.6
1956,5,47.3
1957,5,49.4
1958,5,89.9
1959,5,50.8
1960,5,67.0
1961,5,104.4
1962,5,79.9
1963,5,51.7
1964,5,70.2
1965,5,96.9
1966,5,68.7
1967,5,83.5
1968,5,73.3
1969,5,75.1
1970,5,75.5
1971,5,65.7
1972,5,89.6
1973,5,60.4
1974,5,67.3
1975,5,53.5
1976,5,57.2
1977,5,37.7
1978,5,96.4
1979,5,61.4
1980,5,40.4
1981,5,79.2
1982,5,62.6
1983,5,116.1
1984,5,115.9
1985,5,72.1
1986,5,85.8
1987,5,90.5
1988,5,42.5
1989,5,28.2
1990,5,30.8
1991,5,48.3
1992,5,29.2
1993,5,72.7
1994,5,76.9
1995,5,77.8
1996,5,91.4
1997,5,64.3
1998,5,45.1
1999,5,76.0
2000,5,66.0
2001,5,40.3
2002,5,79.1
2003,5,66.0
2004,5,72.3
2005,5,84.5
2006,5,94.5
2007,5,131.1
2008,5,30.2
2009,5,76.0
2010,5,103.3
2011,5,44.1
2012,5,52.8
2013,5,128.2
2014,5,90.4
2015,5,51.7
2016,5,67.7
2017,5,59.6
2018,5,52.0
2019,5,78.6
2020,5,38.4
2021,5,94.9
2022,5,47.0
2023,5,42.7
2024,5,117.8
1881,6,58.7
1882,6,110.4
1883,6,56.5
1884,6,80.6
1885,6,64.2
1886,6,112.3
1887,6,32.0
1888,6,91.2
1889,6,78.0
1890,6,85.9
1891,6,105.2
1892,6,87.7
1893,6,46.7
1894,6,90.3
1895,6,75.8
1896,6,98.1
1897,6,59.0
1898,6,80.3
1899,6,48.8
1900,6,92.2
1901,6,65.7
1902,6,69.3
1903,6,50.9
1904,6,57.8
1905,6,76.5
1906,6,76.4
1907,6,75.6
1908,6,55.1
1909,6,80.1
1910,6,109.0
1911,6,62.4
1912,6,96.1
1913,6,92.0
1914,6,81.5
1915,6,40.4
1916,6,97.1
1917,6,54.8
1918,6,66.0
1919,6,65.1
1920,6,44.3
1921,6,69.4
1922,6,69.5
1923,6,75.8
1924,6,82.9
1925,6,46.6
1926,6,120.2
1927,6,102.2
1928,6,69.2
1929,6,78.8
1930,6,49.3
1931,6,84.7
1932,6,58.8
1933,6,123.3
1934,6,64.4
1935,6,90.4
1936,6,79.1
1937,6,89.5
1938,6,53.3
1939,6,60.2
1940,6,65.5
1941,6,66.0
1942,6,57.3
1943,6,89.6
1944,6,88.1
1945,6,73.6
1946,6,123.8
1947,6,62.9
1948,6,82.5
1949,6,65.6
1950,6,58.4
1951,6,102.8
1952,6,73.4
1953,6,120.9
1954,6,59.3
1955,6,94.2
1956,6,115.8
1957,6,76.5
1958,6,91.6
1959,6,57.6
1960,6,60.4
1961,6,93.6
1962,6,39.8
1963,6,87.9
1964,6,58.4
1965,6,103.5
1966,6,112.5
1967,6,83.5
1968,6,89.3
1969,6,102.1
1970,6,61.2
1971,6,129.5
1972,6,99.7
1973,6,57.7
1974,6,88.1
1975,6,84.2
1976,6,33.1
1977,6,92.4
1978,6,75.6
1979,6,80.6
1980,6,113.6
1981,6,92.8
1982,6,85.7
1983,6,55.9
1984,6,78.7
1985,6,101.9
1986,6,74.6
1987,6,113.8
1988,6,69.9
1989,6,61.9
1990,6,116.9
1991,6,110.8
1992,6,77.4
1993,6,78.9
1994,6,63.9
1995,6,88.5
1996,6,51.8
1997,6,91.0
1998,6,96.2
1999,6,78.6
2000,6,50.5
2001,6,93.8
2002,6,70.9
2003,6,51.9
2004,6,72.6
2005,6,53.3
2006,6,47.2
2007,6,108.6
2008,6,59.1
2009,6,85.1
2010,6,49.4
2011,6,89.9
2012,6,97.1
2013,6,91.8
2014,6,51.4
2015,6,57.5
2016,6,115.5
2017,6,89.3
2018,6,47.4
2019,6,55.6
2020,6,90.9
2021,6,95.4
2022,6,56.2
2023,6,50.4
2024,6,89.2
1881,7,69.0
1882,7,144.5
1883,7,116.9
1884,7,96.8
1885,7,67.3
1886,7,73.5
1887,7,75.4
1888,7,123.9
1889,7,95.6
1890,7,98.1
1891,7,121.0
1892,7,57.7
1893,7,95.5
1894,7,98.9
1895,7,82.5
1896,7,97.9
1897,7,99.2
1898,7,99.1
1899,7,95.9
1900,7,87.4
1901,7,82.2
1902,7,77.4
1903,7,100.6
1904,7,29.0
1905,7,98.4
1906,7,96.2
1907,7,110.5
1908,7,88.1
1909,7,119.4
1910,7,119.2
1911,7,32.2
1912,7,74.6
1913,7,85.9
1914,7,124.3
1915,7,89.3
1916,7,87.6
1917,7,75.1
1918,7,88.1
1919,7,81.1
1920,7,102.5
1921,7,32.8
1922,7,111.2
1923,7,62.1
1924,7,106.7
1925,7,75.6
1926,7,140.6
1927,7,116.4
1928,7,45.9
1929,7,65.4
1930,7,120.5
1931,7,132.8
1932,7,101.8
1933,7,72.2
1934,7,55.3
1935,7,46.8
1936,7,118.0
1937,7,71.9
1938,7,86.3
1939,7,100.2
1940,7,125.6
1941,7,95.3
1942,7,129.3
1943,7,58.2
1944,7,105.4
1945,7,78.4
1946,7,76.2
1947,7,67.8
1948,7,128.6
1949,7,38.4
1950,7,105.0
1951,7,71.0
1952,7,41.8
1953,7,92.9
1954,7,168.5
1955,7,118.3
1956,7,123.5
1957,7,115.2
1958,7,96.6
1959,7,64.0
1960,7,86.2
1961,7,92.7
1962,7,83.2
1963,7,54.2
1964,7,34.6
1965,7,132.2
1966,7,117.7
1967,7,67.2
1968,7,76.3
1969,7,48.3
1970,7,95.6
1971,7,31.0
1972,7,79.7
1973,7,88.2
1974,7,96.3
1975,7,70.2
1976,7,66.5
1977,7,76.0
1978,7,78.7
1979,7,73.9
1980,7,135.4
1981,7,97.3
1982,7,55.5
1983,7,27.5
1984,7,74.3
1985,7,70.7
1986,7,71.5
1987,7,107.1
1988,7,98.2
1989,7,83.5
1990,7,43.7
1991,7,57.0
1992,7,84.4
1993,7,137.2
1994,7,58.0
1995,7,72.4
1996,7,94.1
1997,7,111.9
1998,7,81.7
1999,7,71.6
2000,7,120.8
2001,7,68.9
2002,7,116.2
2003,7,68.0
2004,7,104.0
2005,7,110.0
2006,7,49.5
2007,7,121.3
2008,7,88.6
2009,7,107.6
2010,7,81.5
2011,7,124.0
2012,7,99.0
2013,7,38.9
2014,7,126.6
2015,7,72.2
2016,7,70.0
2017,7,132.4
2018,7,40.0
2019,7,56.0
2020,7,51.8
2021,7,107.2
2022,7,37.8
2023,7,97.0
1881,8,115.8
1882,8,102.6
1883,8,54.0
1884,8,61.1
1885,8,68.1
1886,8,61.1
1887,8,58.6
1888,8,80.5
1889,8,77.3
1890,8,120.6
1891,8,81.5
1892,8,51.4
1893,8,45.9
1894,8,102.1
1895,8,75.8
1896,8,109.1
1897,8,94.0
1898,8,49.8
1899,8,37.3
1900,8,71.8
1901,8,78.6
1902,8,91.7
1903,8,104.8
1904,8,46.2
1905,8,94.3
1906,8,74.9
1907,8,66.8
1908,8,99.6
1909,8,60.1
1910,8,100.1
1911,8,29.3
1912,8,126.0
1913,8,60.3
1914,8,55.5
1915,8,96.2
1916,8,83.0
1917,8,120.8
1918,8,88.8
1919,8,49.6
1920,8,82.5
1921,8,67.7
1922,8,94.9
1923,8,65.5
1924,8,132.6
1925,8,100.0
1926,8,61.9
1927,8,131.2
1928,8,95.6
1929,8,46.0
1930,8,98.7
1931,8,119.0
1932,8,57.1
1933,8,63.5
1934,8,89.7
1935,8,65.3
1936,8,70.0
1937,8,72.9
1938,8,104.4
1939,8,84.3
1940,8,90.9
1941,8,122.4
1942,8,45.3
1943,8,85.2
1944,8,46.2
1945,8,125.7
1946,8,80.7
1947,8,26.9
1948,8,108.8
1949,8,63.5
1950,8,76.5
1951,8,69.6
1952,8,69.8
1953,8,59.4
1954,8,118.5
1955,8,66.1
1956,8,107.0
1957,8,85.9
1958,8,98.1
1959,8,75.4
1960,8,134.2
1961,8,84.6
1962,8,69.8
1963,8,117.5
1964,8,82.2
1965,8,55.8
1966,8,97.4
1967,8,83.1
1968,8,113.1
1969,8,112.0
1970,8,84.3
1971,8,67.5
1972,8,77.8
1973,8,40.2
1974,8,69.0
1975,8,75.3
1976,8,38.6
1977,8,101.7
1978,8,97.1
1979,8,76.5
1980,8,67.7
1981,8,76.8
1982,8,72.6
1983,8,61.7
1984,8,58.0
1985,8,83.6
1986,8,83.5
1987,8,79.2
1988,8,55.9
1989,8,66.0
1990,8,67.5
1991,8,42.9
1992,8,87.0
1993,8,64.9
1994,8,99.0
1995,8,76.6
1996,8,87.7
1997,8,44.9
1998,8,62.9
1999,8,68.6
2000,8,71.1
2001,8,68.3
2002,8,119.8
2003,8,33.1
2004,8,89.2
2005,8,83.7
2006,8,135.8
2007,8,95.0
2008,8,87.6
2009,8,42.5
2010,8,161.6
2011,8,97.0
2012,8,64.7
2013,8,56.4
2014,8,97.2
2015,8,74.8
2016,8,46.2
2017,8,85.6
2018,8,42.0
2019,8,63.0
2020,8,85.5
2021,8,102.5
2022,8,48.9
2023,8,122.9
1881,9,70.1
1882,9,94.4
1883,9,70.4
1884,9,41.8
1885,9,81.7
1886,9,40.6
1887,9,50.9
1888,9,46.5
1889,9,66.9
1890,9,26.4
1891,9,45.2
1892,9,75.3
1893,9,73.2
1894,9,80.0
1895,9,20.3
1896,9,98.5
1897,9,98.3
1898,9,28.6
1899,9,120.6
1900,9,33.1
1901,9,72.2
1902,9,54.9
1903,9,63.4
1904,9,60.8
1905,9,71.7
1906,9,64.9
1907,9,40.7
1908,9,53.2
1909,9,81.9
1910,9,67.8
1911,9,39.6
1912,9,70.5
1913,9,60.1
1914,9,82.5
1915,9,52.0
1916,9,54.4
1917,9,35.7
1918,9,86.6
1919,9,41.1
1920,9,76.9
1921,9,36.2
1922,9,97.4
1923,9,51.1
1924,9,88.3
1925,9,94.9
1926,9,42.1
1927,9,92.2
1928,9,25.0
1929,9,31.0
1930,9,80.9
1931,9,82.8
1932,9,86.2
1933,9,41.4
1934,9,47.6
1935,9,77.2
1936,9,81.1
1937,9,66.2
1938,9,50.2
1939,9,76.1
1940,9,100.5
1941,9,44.3
1942,9,58.7
1943,9,64.3
1944,9,70.7
1945,9,54.5
1946,9,68.7
1947,9,30.8
1948,9,33.2
1949,9,44.0
1950,9,83.8
1951,9,63.3
1952,9,100.2
1953,9,40.8
1954,9,89.4
1955,9,64.5
1956,9,51.4
1957,9,123.4
1958,9,57.4
1959,9,6.1
1960,9,47.8
1961,9,39.4
1962,9,61.3
1963,9,56.0
1964,9,53.2
1965,9,74.8
1966,9,39.1
1967,9,84.3
1968,9,118.9
1969,9,20.3
1970,9,54.0
1971,9,39.6
1972,9,46.9
1973,9,43.2
1974,9,65.6
1975,9,57.7
1976,9,60.4
1977,9,41.6
1978,9,99.6
1979,9,55.9
1980,9,55.3
1981,9,71.9
1982,9,26.7
1983,9,60.5
1984,9,116.7
1985,9,48.9
1986,9,56.2
1987,9,81.1
1988,9,66.0
1989,9,48.0
1990,9,91.2
1991,9,51.0
1992,9,41.1
1993,9,92.4
1994,9,86.6
1995,9,94.3
1996,9,50.3
1997,9,25.4
1998,9,111.2
1999,9,54.2
2000,9,81.7
2001,9,138.5
2002,9,58.4
2003,9,52.8
2004,9,64.3
2005,9,56.3
2006,9,30.3
2007,9,97.4
2008,9,57.1
2009,9,41.6
2010,9,82.7
2011,9,58.6
2012,9,49.0
2013,9,83.4
2014,9,54.5
2015,9,56.3
2016,9,39.1
2017,9,66.3
2018,9,44.2
2019,9,64.5
2020,9,50.0
2021,9,35.3
2022,9,100.0
2023,9,33.3
1881,10,74.9
1882,10,64.3
1883,10,67.7
1884,10,89.6
1885,10,91.1
1886,10,50.5
1887,10,50.8
1888,10,77.4
1889,10,88.6
1890,10,77.3
1891,10,36.8
1892,10,71.9
1893,10,90.4
1894,10,100.8
1895,10,79.8
1896,10,60.0
1897,10,29.0
1898,10,59.7
1899,10,31.7
1900,10,80.0
1901,10,76.4
1902,10,57.4
1903,10,89.0
1904,10,54.0
1905,10,106.5
1906,10,31.9
1907,10,34.0
1908,10,4.2
1909,10,49.9
1910,10,18.2
1911,10,55.4
1912,10,60.1
1913,10,38.8
1914,10,55.5
1915,10,40.9
1916,10,67.2
1917,10,104.0
1918,10,51.6
1919,10,54.4
1920,10,13.9
1921,10,40.4
1922,10,58.4
1923,10,127.6
1924,10,40.7
1925,10,54.5
1926,10,107.8
1927,10,34.7
1928,10,75.0
1929,10,89.4
1930,10,103.4
1931,10,47.4
1932,10,106.2
1933,10,59.1
1934,10,72.5
1935,10,98.3
1936,10,71.3
1937,10,31.5
1938,10,73.0
1939,10,123.2
1940,10,35.0
1941,10,126.9
1942,10,76.8
1943,10,9.0
1944,10,62.0
1945,10,43.0
1946,10,58.5
1947,10,17.9
1948,10,37.3
1949,10,23.0
1950,10,39.2
1951,10,10.7
1952,10,86.8
1953,10,26.5
1954,10,79.2
1955,10,52.6
1956,10,86.0
1957,10,28.9
1958,10,76.8
1959,10,47.3
1960,10,116.3
1961,10,54.5
1962,10,14.3
1963,10,41.4
1964,10,66.0
1965,10,15.9
1966,10,73.1
1967,10,60.4
1968,10,71.4
1969,10,21.6
1970,10,94.0
1971,10,27.7
1972,10,31.1
1973,10,79.3
1974,10,127.8
1975,10,37.1
1976,10,40.1
1977,10,42.8
1978,10,45.3
1979,10,25.1
1980,10,73.0
1981,10,128.5
1982,10,86.3
1983,10,44.3
1984,10,59.3
1985,10,17.1
1986,10,82.3
1987,10,47.1
1988,10,52.1
1989,10,63.2
1990,10,52.2
1991,10,34.1
1992,10,82.9
1993,10,70.3
1994,10,56.2
1995,10,22.2
1996,10,79.0
1997,10,63.7
1998,10,166.1
1999,10,41.8
2000,10,58.7
2001,10,45.3
2002,10,108.9
2003,10,74.1
2004,10,53.3
2005,10,40.3
2006,10,59.1
2007,10,26.4
2008,10,76.2
2009,10,79.4
2010,10,35.8
2011,10,53.1
2012,10,60.7
2013,10,77.8
2014,10,63.7
2015,10,46.6
2016,10,57.0
2017,10,76.7
2018,10,28.4
2019,10,83.8
2020,10,78.4
2021,10,44.8
2022,10,49.7
2023,10,100.7
1881,11,29.1
1882,11,121.5
1883,11,69.3
1884,11,44.7
1885,11,51.8
1886,11,53.7
1887,11,49.2
1888,11,51.8
1889,11,33.7
1890,11,83.6
1891,11,43.4
1892,11,19.8
1893,11,72.4
1894,11,29.2
1895,11,67.7
1896,11,26.1
1897,11,28.2
1898,11,30.1
1899,11,35.4
1900,11,39.8
1901,11,67.5
1902,11,10.7
1903,11,78.9
1904,11,67.1
1905,11,58.9
1906,11,56.0
1907,11,32.1
1908,11,37.7
1909,11,68.5
1910,11,99.9
1911,11,49.6
1912,11,72.4
1913,11,79.3
1914,11,44.5
1915,11,46.5
1916,11,48.0
1917,11,49.3
1918,11,24.2
1919,11,95.0
1920,11,10.2
1921,11,41.3
1922,11,79.3
1923,11,56.6
1924,11,46.7
1925,11,52.5
1926,11,59.0
1927,11,61.4
1928,11,107.4
1929,11,39.6
1930,11,109.5
1931,11,23.0
1932,11,49.0
1933,11,46.0
1934,11,49.4
1935,11,32.4
1936,11,53.8
1937,11,35.7
1938,11,49.4
1939,11,101.5
1940,11,94.3
1941,11,37.3
1942,11,55.7
1943,11,64.9
1944,11,134.0
1945,11,47.1
1946,11,31.9
1947,11,123.1
1948,11,29.8
1949,11,57.8
1950,11,105.3
1951,11,91.8
1952,11,103.6
1953,11,16.5
1954,11,41.9
1955,11,21.0
1956,11,54.9
1957,11,32.9
1958,11,29.5
1959,11,37.7
1960,11,79.4
1961,11,55.0
1962,11,29.5
1963,11,99.9
1964,11,69.6
1965,11,86.3
1966,11,60.8
1967,11,53.7
1968,11,41.5
1969,11,85.4
1970,11,70.7
1971,11,66.2
1972,11,84.5
1973,11,82.6
1974,11,74.9
1975,11,59.8
1976,11,64.0
1977,11,108.3
1978,11,19.9
1979,11,90.9
1980,11,55.5
1981,11,84.3
1982,11,46.2
1983,11,58.8
1984,11,54.6
1985,11,70.2
1986,11,39.0
1987,11,76.6
1988,11,60.6
1989,11,47.8
1990,11,93.5
1991,11,80.6
1992,11,108.1
1993,11,36.5
1994,11,56.3
1995,11,59.3
1996,11,86.1
1997,11,38.3
1998,11,74.3
1999,11,54.6
2000,11,49.1
2001,11,84.9
2002,11,114.5
2003,11,38.8
2004,11,72.8
2005,11,48.1
2006,11,55.5
2007,11,85.3
2008,11,44.7
2009,11,93.0
2010,11,96.9
2011,11,2.4
2012,11,58.5
2013,11,72.1
2014,11,29.7
2015,11,101.0
2016,11,57.3
2017,11,81.5
2018,11,20.2
2019,11,58.9
2020,11,20.7
2021,11,49.7
2022,11,48.9
2023,11,124.1
1881,12,39.6
1882,12,83.0
1883,12,79.3
1884,12,95.5
1885,12,54.1
1886,12,101.9
1887,12,74.0
1888,12,19.2
1889,12,38.2
1890,12,6.3
1891,12,87.8
1892,12,51.8
1893,12,33.5
1894,12,59.4
1895,12,92.6
1896,12,37.1
1897,12,42.0
1898,12,52.9
1899,12,48.5
1900,12,69.6
1901,12,66.9
1902,12,76.9
1903,12,17.4
1904,12,52.0
1905,12,38.4
1906,12,66.3
1907,12,73.7
1908,12,20.6
1909,12,83.1
1910,12,54.3
1911,12,74.0
1912,12,62.9
1913,12,87.5
1914,12,59.3
1915,12,114.8
1916,12,76.5
1917,12,37.1
1918,12,109.7
1919,12,120.4
1920,12,44.2
1921,12,60.7
1922,12,74.6
1923,12,65.6
1924,12,24.8
1925,12,102.6
1926,12,51.9
1927,12,33.3
1928,12,56.6
1929,12,83.1
1930,12,30.4
1931,12,51.2
1932,12,11.1
1933,12,18.3
1934,12,51.5
1935,12,55.6
1936,12,49.4
1937,12,49.1
1938,12,48.6
1939,12,53.5
1940,12,69.4
1941,12,74.2
1942,12,34.0
1943,12,31.3
1944,12,56.6
1945,12,63.4
1946,12,30.7
1947,12,120.4
1948,12,23.1
1949,12,91.6
1950,12,47.0
1951,12,41.9
1952,12,70.0
1953,12,30.6
1954,12,93.7
1955,12,90.0
1956,12,47.9
1957,12,51.2
1958,12,68.9
1959,12,54.8
1960,12,78.7
1961,12,91.6
1962,12,75.8
1963,12,11.2
1964,12,43.7
1965,12,130.5
1966,12,128.9
1967,12,86.5
1968,12,34.2
1969,12,33.0
1970,12,48.0
1971,12,40.3
1972,12,13.6
1973,12,68.6
1974,12,132.7
1975,12,27.8
1976,12,46.0
1977,12,55.7
1978,12,98.6
1979,12,103.4
1980,12,65.3
1981,12,100.2
1982,12,83.9
1983,12,55.3
1984,12,40.3
1985,12,67.4
1986,12,111.0
1987,12,56.4
1988,12,102.4
1989,12,84.4
1990,12,69.4
1991,12,77.4
1992,12,55.1
1993,12,153.4
1994,12,85.0
1995,12,51.6
1996,12,40.5
1997,12,84.3
1998,12,52.9
1999,12,121.1
2000,12,49.1
2001,12,86.3
2002,12,71.2
2003,12,55.7
2004,12,45.1
2005,12,69.4
2006,12,46.7
2007,12,63.1
2008,12,48.5
2009,12,84.2
2010,12,89.1
2011,12,124.1
2012,12,98.0
2013,12,41.2
2014,12,75.5
2015,12,36.5
2016,12,26.5
2017,12,79.1
2018,12,104.1
2019,12,58.8
2020,12,57.5
2021,12,61.4
2022,12,67.1
2023,12,120.4
